Timestamp(ms); ID; FrameNumber; ActivatedCube; ActiveCubeX; ActiveCubeY; ActiveCubeZ; TrackerX; TrackerY; TrackerZ; GoalGesture; GesturesCompleted; State 
12-03-2025 13:58:33.6783; 0; 1; None; ; ; ; 0; 0; 0; Fist; 0; Resting
12-03-2025 13:58:34.8991; 0; 2; None; ; ; ; 0; 0; 0; Fist; 0; Moving to Box
12-03-2025 13:58:34.9400; 0; 3; None; ; ; ; 0; 0; 0; Fist; 0; Moving to Box
12-03-2025 13:58:34.9530; 0; 4; None; ; ; ; 0; 0; 0; Fist; 0; Moving to Box
12-03-2025 13:58:34.9579; 0; 5; None; ; ; ; 0; 0; 0; Fist; 0; Moving to Box
12-03-2025 13:58:34.9639; 0; 6; None; ; ; ; 0; 0; 0; Fist; 0; Moving to Box
12-03-2025 13:58:34.9759; 0; 7; None; ; ; ; 0; 0; 0; Fist; 0; Moving to Box
12-03-2025 13:58:34.9859; 0; 8; None; ; ; ; 0; 0; 0; Fist; 0; Moving to Box
12-03-2025 13:58:34.9978; 0; 9; None; ; ; ; 0; 0; 0; Fist; 0; Moving to Box
12-03-2025 13:58:35.0078; 0; 10; None; ; ; ; 0; 0; 0; Fist; 0; Moving to Box
12-03-2025 13:58:35.0198; 0; 11; None; ; ; ; 0; 0; 0; Fist; 0; Moving to Box
12-03-2025 13:58:35.0308; 0; 12; None; ; ; ; 0; 0; 0; Fist; 0; Moving to Box
12-03-2025 13:58:35.0417; 0; 13; None; ; ; ; 0; 0; 0; Fist; 0; Moving to Box
12-03-2025 13:58:35.0527; 0; 14; None; ; ; ; 0; 0; 0; Fist; 0; Moving to Box
12-03-2025 13:58:35.0637; 0; 15; None; ; ; ; 0; 0; 0; Fist; 0; Moving to Box
12-03-2025 13:58:35.0746; 0; 16; None; ; ; ; 0; 0; 0; Fist; 0; Moving to Box
12-03-2025 13:58:35.0866; 0; 17; None; ; ; ; 0; 0; 0; Fist; 0; Moving to Box
12-03-2025 13:58:35.0976; 0; 18; None; ; ; ; 0; 0; 0; Fist; 0; Moving to Box
12-03-2025 13:58:35.1086; 0; 19; None; ; ; ; 0; 0; 0; Fist; 0; Moving to Box
12-03-2025 13:58:35.1215; 0; 20; None; ; ; ; 0; 0; 0; Fist; 0; Moving to Box
12-03-2025 13:58:35.1315; 0; 21; None; ; ; ; 0; 0; 0; Fist; 0; Moving to Box
12-03-2025 13:58:35.1425; 0; 22; None; ; ; ; 0; 0; 0; Fist; 0; Moving to Box
12-03-2025 13:58:35.1544; 0; 23; None; ; ; ; 0; 0; 0; Fist; 0; Moving to Box
12-03-2025 13:58:35.1644; 0; 24; None; ; ; ; 0; 0; 0; Fist; 0; Moving to Box
12-03-2025 13:58:35.1759; 0; 25; None; ; ; ; 0; 0; 0; Fist; 0; Moving to Box
12-03-2025 13:58:35.1869; 0; 26; None; ; ; ; 0; 0; 0; Fist; 0; Moving to Box
12-03-2025 13:58:35.1988; 0; 27; None; ; ; ; 0; 0; 0; Fist; 0; Moving to Box
12-03-2025 13:58:35.2088; 0; 28; None; ; ; ; 0; 0; 0; Fist; 0; Moving to Box
12-03-2025 13:58:35.2203; 0; 29; None; ; ; ; 0; 0; 0; Fist; 0; Moving to Box
12-03-2025 13:58:35.2312; 0; 30; None; ; ; ; 0; 0; 0; Fist; 0; Moving to Box
12-03-2025 13:58:35.2432; 0; 31; None; ; ; ; 0; 0; 0; Fist; 0; Moving to Box
12-03-2025 13:58:35.2542; 0; 32; None; ; ; ; 0; 0; 0; Fist; 0; Moving to Box
12-03-2025 13:58:35.2651; 0; 33; None; ; ; ; 0; 0; 0; Fist; 0; Moving to Box
12-03-2025 13:58:35.2761; 0; 34; None; ; ; ; 0; 0; 0; Fist; 0; Moving to Box
12-03-2025 13:58:35.2871; 0; 35; None; ; ; ; 0; 0; 0; Fist; 0; Moving to Box
12-03-2025 13:58:35.2981; 0; 36; None; ; ; ; 0; 0; 0; Fist; 0; Moving to Box
12-03-2025 13:58:35.3090; 0; 37; None; ; ; ; 0; 0; 0; Fist; 0; Moving to Box
12-03-2025 13:58:35.3205; 0; 38; None; ; ; ; 0; 0; 0; Fist; 0; Moving to Box
12-03-2025 13:58:35.3315; 0; 39; None; ; ; ; 0; 0; 0; Fist; 0; Moving to Box
12-03-2025 13:58:35.3434; 0; 40; None; ; ; ; 0; 0; 0; Fist; 0; Moving to Box
12-03-2025 13:58:35.3544; 0; 41; None; ; ; ; 0; 0; 0; Fist; 0; Moving to Box
12-03-2025 13:58:35.3654; 0; 42; None; ; ; ; 0; 0; 0; Fist; 0; Moving to Box
12-03-2025 13:58:35.3764; 0; 43; None; ; ; ; 0; 0; 0; Fist; 0; Moving to Box
12-03-2025 13:58:35.3874; 0; 44; None; ; ; ; 0; 0; 0; Fist; 0; Moving to Box
12-03-2025 13:58:35.3994; 0; 45; None; ; ; ; 0; 0; 0; Fist; 0; Moving to Box
12-03-2025 13:58:35.4103; 0; 46; None; ; ; ; 0; 0; 0; Fist; 0; Moving to Box
12-03-2025 13:58:35.4213; 0; 47; None; ; ; ; 0; 0; 0; Fist; 0; Moving to Box
12-03-2025 13:58:35.4323; 0; 48; None; ; ; ; 0; 0; 0; Fist; 0; Moving to Box
12-03-2025 13:58:35.4433; 0; 49; None; ; ; ; 0; 0; 0; Fist; 0; Moving to Box
12-03-2025 13:58:35.4542; 0; 50; None; ; ; ; 0; 0; 0; Fist; 0; Moving to Box
12-03-2025 13:58:35.4662; 0; 51; None; ; ; ; 0; 0; 0; Fist; 0; Moving to Box
12-03-2025 13:58:35.4772; 0; 52; None; ; ; ; 0; 0; 0; Fist; 0; Moving to Box
12-03-2025 13:58:35.4881; 0; 53; None; ; ; ; 0; 0; 0; Fist; 0; Moving to Box
12-03-2025 13:58:35.4991; 0; 54; None; ; ; ; 0; 0; 0; Fist; 0; Moving to Box
12-03-2025 13:58:35.5111; 0; 55; None; ; ; ; 0; 0; 0; Fist; 0; Moving to Box
12-03-2025 13:58:35.5220; 0; 56; None; ; ; ; 0; 0; 0; Fist; 0; Moving to Box
12-03-2025 13:58:35.5325; 0; 57; None; ; ; ; 0; 0; 0; Fist; 0; Moving to Box
12-03-2025 13:58:35.5445; 0; 58; None; ; ; ; 0; 0; 0; Fist; 0; Moving to Box
12-03-2025 13:58:35.5555; 0; 59; None; ; ; ; 0; 0; 0; Fist; 0; Moving to Box
12-03-2025 13:58:35.5664; 0; 60; None; ; ; ; 0; 0; 0; Fist; 0; Moving to Box
12-03-2025 13:58:35.5774; 0; 61; None; ; ; ; 0; 0; 0; Fist; 0; Moving to Box
12-03-2025 13:58:35.5884; 0; 62; None; ; ; ; 0; 0; 0; Fist; 0; Moving to Box
12-03-2025 13:58:35.6003; 0; 63; None; ; ; ; 0; 0; 0; Fist; 0; Moving to Box
12-03-2025 13:58:35.6113; 0; 64; None; ; ; ; 0; 0; 0; Fist; 0; Moving to Box
12-03-2025 13:58:35.6223; 0; 65; None; ; ; ; 0; 0; 0; Fist; 0; Moving to Box
12-03-2025 13:58:35.6333; 0; 66; None; ; ; ; 0; 0; 0; Fist; 0; Moving to Box
12-03-2025 13:58:35.6522; 0; 67; None; ; ; ; 0; 0; 0; Fist; 0; Moving to Box
12-03-2025 13:58:35.6622; 0; 68; None; ; ; ; 0; 0; 0; Fist; 0; Moving to Box
12-03-2025 13:58:35.6731; 0; 69; None; ; ; ; 0; 0; 0; Fist; 0; Moving to Box
12-03-2025 13:58:35.6851; 0; 70; None; ; ; ; 0; 0; 0; Fist; 0; Moving to Box
12-03-2025 13:58:35.6961; 0; 71; None; ; ; ; 0; 0; 0; Fist; 0; Moving to Box
12-03-2025 13:58:35.7071; 0; 72; None; ; ; ; 0; 0; 0; Fist; 0; Moving to Box
12-03-2025 13:58:35.7195; 0; 73; None; ; ; ; 0; 0; 0; Fist; 0; Moving to Box
12-03-2025 13:58:35.7295; 0; 74; None; ; ; ; 0; 0; 0; Fist; 0; Moving to Box
12-03-2025 13:58:35.7405; 0; 75; None; ; ; ; 0; 0; 0; Fist; 0; Moving to Box
12-03-2025 13:58:35.7514; 0; 76; None; ; ; ; 0; 0; 0; Fist; 0; Moving to Box
12-03-2025 13:58:35.7624; 0; 77; None; ; ; ; 0; 0; 0; Fist; 0; Moving to Box
12-03-2025 13:58:35.7744; 0; 78; None; ; ; ; 0; 0; 0; Fist; 0; Moving to Box
12-03-2025 13:58:35.7863; 0; 79; None; ; ; ; 0; 0; 0; Fist; 0; Moving to Box
12-03-2025 13:58:35.7963; 0; 80; None; ; ; ; 0; 0; 0; Fist; 0; Moving to Box
12-03-2025 13:58:35.8073; 0; 81; None; ; ; ; 0; 0; 0; Fist; 0; Moving to Box
12-03-2025 13:58:35.8193; 0; 82; None; ; ; ; 0; 0; 0; Fist; 0; Moving to Box
12-03-2025 13:58:35.8302; 0; 83; None; ; ; ; 0; 0; 0; Fist; 0; Moving to Box
12-03-2025 13:58:35.8412; 0; 84; None; ; ; ; 0; 0; 0; Fist; 0; Moving to Box
12-03-2025 13:58:35.8532; 0; 85; None; ; ; ; 0; 0; 0; Fist; 0; Moving to Box
12-03-2025 13:58:35.8641; 0; 86; None; ; ; ; 0; 0; 0; Fist; 0; Moving to Box
12-03-2025 13:58:35.8746; 0; 87; None; ; ; ; 0; 0; 0; Fist; 0; Moving to Box
12-03-2025 13:58:35.8866; 0; 88; None; ; ; ; 0; 0; 0; Fist; 0; Moving to Box
12-03-2025 13:58:35.8976; 0; 89; None; ; ; ; 0; 0; 0; Fist; 0; Moving to Box
12-03-2025 13:58:35.9085; 0; 90; None; ; ; ; 0; 0; 0; Fist; 0; Moving to Box
12-03-2025 13:58:35.9201; 0; 91; None; ; ; ; 0; 0; 0; Fist; 0; Moving to Box
12-03-2025 13:58:35.9310; 0; 92; None; ; ; ; 0; 0; 0; Fist; 0; Moving to Box
12-03-2025 13:58:35.9420; 0; 93; None; ; ; ; 0; 0; 0; Fist; 0; Moving to Box
12-03-2025 13:58:35.9540; 0; 94; None; ; ; ; 0; 0; 0; Fist; 0; Moving to Box
12-03-2025 13:58:35.9649; 0; 95; None; ; ; ; 0; 0; 0; Fist; 0; Moving to Box
12-03-2025 13:58:35.9759; 0; 96; None; ; ; ; 0; 0; 0; Fist; 0; Moving to Box
12-03-2025 13:58:35.9869; 0; 97; None; ; ; ; 0; 0; 0; Fist; 0; Moving to Box
12-03-2025 13:58:35.9988; 0; 98; None; ; ; ; 0; 0; 0; Fist; 0; Moving to Box
12-03-2025 13:58:36.0088; 0; 99; None; ; ; ; 0; 0; 0; Fist; 0; Moving to Box
12-03-2025 13:58:36.0208; 0; 100; None; ; ; ; 0; 0; 0; Fist; 0; Moving to Box
12-03-2025 13:58:36.0318; 0; 101; None; ; ; ; 0; 0; 0; Fist; 0; Moving to Box
12-03-2025 13:58:36.0427; 0; 102; None; ; ; ; 0; 0; 0; Fist; 0; Moving to Box
12-03-2025 13:58:36.0547; 0; 103; None; ; ; ; 0; 0; 0; Fist; 0; Moving to Box
12-03-2025 13:58:36.0657; 0; 104; None; ; ; ; 0; 0; 0; Fist; 0; Moving to Box
12-03-2025 13:58:36.0766; 0; 105; None; ; ; ; 0; 0; 0; Fist; 0; Moving to Box
12-03-2025 13:58:36.0886; 0; 106; None; ; ; ; 0; 0; 0; Fist; 0; Moving to Box
12-03-2025 13:58:36.0986; 0; 107; None; ; ; ; 0; 0; 0; Fist; 0; Moving to Box
12-03-2025 13:58:36.1095; 0; 108; None; ; ; ; 0; 0; 0; Fist; 0; Moving to Box
12-03-2025 13:58:36.1210; 0; 109; None; ; ; ; 0; 0; 0; Fist; 0; Moving to Box
12-03-2025 13:58:36.1320; 0; 110; None; ; ; ; 0; 0; 0; Fist; 0; Moving to Box
12-03-2025 13:58:36.1430; 0; 111; None; ; ; ; 0; 0; 0; Fist; 0; Moving to Box
12-03-2025 13:58:36.1549; 0; 112; None; ; ; ; 0; 0; 0; Fist; 0; Moving to Box
12-03-2025 13:58:36.1659; 0; 113; None; ; ; ; 0; 0; 0; Fist; 0; Moving to Box
12-03-2025 13:58:36.1770; 0; 114; None; ; ; ; 0; 0; 0; Fist; 0; Moving to Box
12-03-2025 13:58:36.1879; 0; 115; None; ; ; ; 0; 0; 0; Fist; 0; Moving to Box
12-03-2025 13:58:36.1989; 0; 116; None; ; ; ; 0; 0; 0; Fist; 0; Moving to Box
12-03-2025 13:58:36.2099; 0; 117; None; ; ; ; 0; 0; 0; Fist; 0; Moving to Box
12-03-2025 13:58:36.2218; 0; 118; None; ; ; ; 0; 0; 0; Fist; 0; Moving to Box
12-03-2025 13:58:36.2328; 0; 119; None; ; ; ; 0; 0; 0; Fist; 0; Moving to Box
12-03-2025 13:58:36.2438; 0; 120; None; ; ; ; 0; 0; 0; Fist; 0; Moving to Box
12-03-2025 13:58:36.2558; 0; 121; None; ; ; ; 0; 0; 0; Fist; 0; Moving to Box
12-03-2025 13:58:36.2667; 0; 122; None; ; ; ; 0; 0; 0; Fist; 0; Moving to Box
12-03-2025 13:58:36.2777; 0; 123; None; ; ; ; 0; 0; 0; Fist; 0; Moving to Box
12-03-2025 13:58:36.2887; 0; 124; None; ; ; ; 0; 0; 0; Fist; 0; Moving to Box
12-03-2025 13:58:36.3006; 0; 125; None; ; ; ; 0; 0; 0; Fist; 0; Moving to Box
12-03-2025 13:58:36.3106; 0; 126; None; ; ; ; 0; 0; 0; Fist; 0; Moving to Box
12-03-2025 13:58:36.3221; 0; 127; None; ; ; ; 0; 0; 0; Fist; 0; Moving to Box
12-03-2025 13:58:36.3331; 0; 128; None; ; ; ; 0; 0; 0; Fist; 0; Moving to Box
12-03-2025 13:58:36.3440; 0; 129; None; ; ; ; 0; 0; 0; Fist; 0; Moving to Box
12-03-2025 13:58:36.3560; 0; 130; None; ; ; ; 0; 0; 0; Fist; 0; Moving to Box
12-03-2025 13:58:36.3670; 0; 131; None; ; ; ; 0; 0; 0; Fist; 0; Moving to Box
12-03-2025 13:58:36.3779; 0; 132; None; ; ; ; 0; 0; 0; Fist; 0; Moving to Box
12-03-2025 13:58:36.3889; 0; 133; None; ; ; ; 0; 0; 0; Fist; 0; Moving to Box
12-03-2025 13:58:36.3999; 0; 134; None; ; ; ; 0; 0; 0; Fist; 0; Moving to Box
12-03-2025 13:58:36.4108; 0; 135; None; ; ; ; 0; 0; 0; Fist; 0; Moving to Box
12-03-2025 13:58:36.4228; 0; 136; None; ; ; ; 0; 0; 0; Fist; 0; Moving to Box
12-03-2025 13:58:36.4338; 0; 137; None; ; ; ; 0; 0; 0; Fist; 0; Moving to Box
12-03-2025 13:58:36.4448; 0; 138; None; ; ; ; 0; 0; 0; Fist; 0; Moving to Box
12-03-2025 13:58:36.4557; 0; 139; None; ; ; ; 0; 0; 0; Fist; 0; Moving to Box
12-03-2025 13:58:36.4674; 0; 140; None; ; ; ; 0; 0; 0; Fist; 0; Moving to Box
12-03-2025 13:58:36.4783; 0; 141; None; ; ; ; 0; 0; 0; Fist; 0; Moving to Box
12-03-2025 13:58:36.4893; 0; 142; None; ; ; ; 0; 0; 0; Fist; 0; Moving to Box
12-03-2025 13:58:36.5003; 0; 143; None; ; ; ; 0; 0; 0; Fist; 0; Moving to Box
12-03-2025 13:58:36.5122; 0; 144; None; ; ; ; 0; 0; 0; Fist; 0; Moving to Box
12-03-2025 13:58:36.5232; 0; 145; None; ; ; ; 0; 0; 0; Fist; 0; Moving to Box
12-03-2025 13:58:36.5342; 0; 146; None; ; ; ; 0; 0; 0; Fist; 0; Moving to Box
12-03-2025 13:58:36.5451; 0; 147; None; ; ; ; 0; 0; 0; Fist; 0; Moving to Box
12-03-2025 13:58:36.5571; 0; 148; None; ; ; ; 0; 0; 0; Fist; 0; Moving to Box
12-03-2025 13:58:36.5681; 0; 149; None; ; ; ; 0; 0; 0; Fist; 0; Moving to Box
12-03-2025 13:58:36.5791; 0; 150; None; ; ; ; 0; 0; 0; Fist; 0; Moving to Box
12-03-2025 13:58:36.5900; 0; 151; None; ; ; ; 0; 0; 0; Fist; 0; Moving to Box
12-03-2025 13:58:36.6020; 0; 152; None; ; ; ; 0; 0; 0; Fist; 0; Moving to Box
12-03-2025 13:58:36.6120; 0; 153; None; ; ; ; 0; 0; 0; Fist; 0; Moving to Box
12-03-2025 13:58:36.6234; 0; 154; None; ; ; ; 0; 0; 0; Fist; 0; Moving to Box
12-03-2025 13:58:36.6354; 0; 155; None; ; ; ; 0; 0; 0; Fist; 0; Moving to Box
12-03-2025 13:58:36.6464; 0; 156; None; ; ; ; 0; 0; 0; Fist; 0; Moving to Box
12-03-2025 13:58:36.6574; 0; 157; None; ; ; ; 0; 0; 0; Fist; 0; Moving to Box
12-03-2025 13:58:36.6683; 0; 158; None; ; ; ; 0; 0; 0; Fist; 0; Moving to Box
12-03-2025 13:58:36.6793; 0; 159; None; ; ; ; 0; 0; 0; Fist; 0; Moving to Box
12-03-2025 13:58:36.6907; 0; 160; None; ; ; ; 0; 0; 0; Fist; 0; Moving to Box
12-03-2025 13:58:36.7026; 0; 161; None; ; ; ; 0; 0; 0; Fist; 0; Moving to Box
12-03-2025 13:58:36.7126; 0; 162; None; ; ; ; 0; 0; 0; Fist; 0; Moving to Box
12-03-2025 13:58:36.7246; 0; 163; None; ; ; ; 0; 0; 0; Fist; 0; Moving to Box
12-03-2025 13:58:36.7355; 0; 164; None; ; ; ; 0; 0; 0; Fist; 0; Moving to Box
12-03-2025 13:58:36.7465; 0; 165; None; ; ; ; 0; 0; 0; Fist; 0; Moving to Box
12-03-2025 13:58:36.7575; 0; 166; None; ; ; ; 0; 0; 0; Fist; 0; Moving to Box
12-03-2025 13:58:36.7705; 0; 167; None; ; ; ; 0; 0; 0; Fist; 0; Moving to Box
12-03-2025 13:58:36.7804; 0; 168; None; ; ; ; 0; 0; 0; Fist; 0; Moving to Box
12-03-2025 13:58:36.7914; 0; 169; None; ; ; ; 0; 0; 0; Fist; 0; Moving to Box
12-03-2025 13:58:36.8024; 0; 170; None; ; ; ; 0; 0; 0; Fist; 0; Moving to Box
12-03-2025 13:58:36.8133; 0; 171; None; ; ; ; 0; 0; 0; Fist; 0; Moving to Box
12-03-2025 13:58:36.8243; 0; 172; None; ; ; ; 0; 0; 0; Fist; 0; Moving to Box
12-03-2025 13:58:36.8363; 0; 173; None; ; ; ; 0; 0; 0; Fist; 0; Moving to Box
12-03-2025 13:58:36.8473; 0; 174; None; ; ; ; 0; 0; 0; Fist; 0; Moving to Box
12-03-2025 13:58:36.8582; 0; 175; None; ; ; ; 0; 0; 0; Fist; 0; Moving to Box
12-03-2025 13:58:36.8702; 0; 176; None; ; ; ; 0; 0; 0; Fist; 0; Moving to Box
12-03-2025 13:58:36.8812; 0; 177; None; ; ; ; 0; 0; 0; Fist; 0; Moving to Box
12-03-2025 13:58:36.8921; 0; 178; None; ; ; ; 0; 0; 0; Fist; 0; Moving to Box
12-03-2025 13:58:36.9031; 0; 179; None; ; ; ; 0; 0; 0; Fist; 0; Moving to Box
12-03-2025 13:58:36.9141; 0; 180; None; ; ; ; 0; 0; 0; Fist; 0; Moving to Box
12-03-2025 13:58:36.9250; 0; 181; None; ; ; ; 0; 0; 0; Fist; 0; Moving to Box
12-03-2025 13:58:36.9370; 0; 182; None; ; ; ; 0; 0; 0; Fist; 0; Moving to Box
12-03-2025 13:58:36.9486; 0; 183; None; ; ; ; 0; 0; 0; Fist; 0; Moving to Box
12-03-2025 13:58:36.9596; 0; 184; None; ; ; ; 0; 0; 0; Fist; 0; Moving to Box
12-03-2025 13:58:36.9695; 0; 185; None; ; ; ; 0; 0; 0; Fist; 0; Moving to Box
12-03-2025 13:58:36.9815; 0; 186; None; ; ; ; 0; 0; 0; Fist; 0; Moving to Box
12-03-2025 13:58:36.9925; 0; 187; None; ; ; ; 0; 0; 0; Fist; 0; Moving to Box
12-03-2025 13:58:37.0034; 0; 188; None; ; ; ; 0; 0; 0; Fist; 0; Moving to Box
12-03-2025 13:58:37.0154; 0; 189; None; ; ; ; 0; 0; 0; Fist; 0; Moving to Box
12-03-2025 13:58:37.0254; 0; 190; None; ; ; ; 0; 0; 0; Fist; 0; Moving to Box
12-03-2025 13:58:37.0363; 0; 191; None; ; ; ; 0; 0; 0; Fist; 0; Moving to Box
12-03-2025 13:58:37.0483; 0; 192; None; ; ; ; 0; 0; 0; Fist; 0; Moving to Box
12-03-2025 13:58:37.0593; 0; 193; None; ; ; ; 0; 0; 0; Fist; 0; Moving to Box
12-03-2025 13:58:37.0703; 0; 194; None; ; ; ; 0; 0; 0; Fist; 0; Moving to Box
12-03-2025 13:58:37.0822; 0; 195; None; ; ; ; 0; 0; 0; Fist; 0; Moving to Box
12-03-2025 13:58:37.0932; 0; 196; None; ; ; ; 0; 0; 0; Fist; 0; Moving to Box
12-03-2025 13:58:37.1042; 0; 197; None; ; ; ; 0; 0; 0; Fist; 0; Moving to Box
12-03-2025 13:58:37.1151; 0; 198; None; ; ; ; 0; 0; 0; Fist; 0; Moving to Box
12-03-2025 13:58:37.1261; 0; 199; None; ; ; ; 0; 0; 0; Fist; 0; Moving to Box
12-03-2025 13:58:37.1371; 0; 200; None; ; ; ; 0; 0; 0; Fist; 0; Moving to Box
12-03-2025 13:58:37.1500; 0; 201; None; ; ; ; 0; 0; 0; Fist; 0; Moving to Box
12-03-2025 13:58:37.1600; 0; 202; None; ; ; ; 0; 0; 0; Fist; 0; Moving to Box
12-03-2025 13:58:37.1710; 0; 203; None; ; ; ; 0; 0; 0; Fist; 0; Moving to Box
12-03-2025 13:58:37.1820; 0; 204; None; ; ; ; 0; 0; 0; Fist; 0; Moving to Box
12-03-2025 13:58:37.1929; 0; 205; None; ; ; ; 0; 0; 0; Fist; 0; Moving to Box
12-03-2025 13:58:37.2049; 0; 206; None; ; ; ; 0; 0; 0; Fist; 0; Moving to Box
12-03-2025 13:58:37.2159; 0; 207; None; ; ; ; 0; 0; 0; Fist; 0; Moving to Box
12-03-2025 13:58:37.2268; 0; 208; None; ; ; ; 0; 0; 0; Fist; 0; Moving to Box
12-03-2025 13:58:37.2378; 0; 209; None; ; ; ; 0; 0; 0; Fist; 0; Moving to Box
12-03-2025 13:58:37.2498; 0; 210; None; ; ; ; 0; 0; 0; Fist; 0; Moving to Box
12-03-2025 13:58:37.2607; 0; 211; None; ; ; ; 0; 0; 0; Fist; 0; Moving to Box
12-03-2025 13:58:37.2717; 0; 212; None; ; ; ; 0; 0; 0; Fist; 0; Moving to Box
12-03-2025 13:58:37.2827; 0; 213; None; ; ; ; 0; 0; 0; Fist; 0; Moving to Box
12-03-2025 13:58:37.2937; 0; 214; None; ; ; ; 0; 0; 0; Fist; 0; Moving to Box
12-03-2025 13:58:37.3046; 0; 215; None; ; ; ; 0; 0; 0; Fist; 0; Moving to Box
12-03-2025 13:58:37.3166; 0; 216; None; ; ; ; 0; 0; 0; Fist; 0; Moving to Box
12-03-2025 13:58:37.3276; 0; 217; None; ; ; ; 0; 0; 0; Fist; 0; Moving to Box
12-03-2025 13:58:37.3385; 0; 218; None; ; ; ; 0; 0; 0; Fist; 0; Moving to Box
12-03-2025 13:58:37.3495; 0; 219; None; ; ; ; 0; 0; 0; Fist; 0; Moving to Box
12-03-2025 13:58:37.3615; 0; 220; None; ; ; ; 0; 0; 0; Fist; 0; Moving to Box
12-03-2025 13:58:37.3724; 0; 221; None; ; ; ; 0; 0; 0; Fist; 0; Moving to Box
12-03-2025 13:58:37.3844; 0; 222; None; ; ; ; 0; 0; 0; Fist; 0; Moving to Box
12-03-2025 13:58:37.3944; 0; 223; None; ; ; ; 0; 0; 0; Fist; 0; Moving to Box
12-03-2025 13:58:37.4054; 0; 224; None; ; ; ; 0; 0; 0; Fist; 0; Moving to Box
12-03-2025 13:58:37.4173; 0; 225; None; ; ; ; 0; 0; 0; Fist; 0; Moving to Box
12-03-2025 13:58:37.4278; 0; 226; None; ; ; ; 0; 0; 0; Fist; 0; Moving to Box
12-03-2025 13:58:37.4398; 0; 227; None; ; ; ; 0; 0; 0; Fist; 0; Moving to Box
12-03-2025 13:58:37.4507; 0; 228; None; ; ; ; 0; 0; 0; Fist; 0; Moving to Box
12-03-2025 13:58:37.4617; 0; 229; None; ; ; ; 0; 0; 0; Fist; 0; Moving to Box
12-03-2025 13:58:37.4727; 0; 230; None; ; ; ; 0; 0; 0; Fist; 0; Moving to Box
12-03-2025 13:58:37.4837; 0; 231; None; ; ; ; 0; 0; 0; Fist; 0; Moving to Box
12-03-2025 13:58:37.4946; 0; 232; None; ; ; ; 0; 0; 0; Fist; 0; Moving to Box
12-03-2025 13:58:37.5066; 0; 233; None; ; ; ; 0; 0; 0; Fist; 0; Moving to Box
12-03-2025 13:58:37.5176; 0; 234; None; ; ; ; 0; 0; 0; Fist; 0; Moving to Box
12-03-2025 13:58:37.5280; 0; 235; None; ; ; ; 0; 0; 0; Fist; 0; Moving to Box
12-03-2025 13:58:37.5400; 0; 236; None; ; ; ; 0; 0; 0; Fist; 0; Moving to Box
12-03-2025 13:58:37.5510; 0; 237; None; ; ; ; 0; 0; 0; Fist; 0; Moving to Box
12-03-2025 13:58:37.5620; 0; 238; None; ; ; ; 0; 0; 0; Fist; 0; Moving to Box
12-03-2025 13:58:37.5739; 0; 239; None; ; ; ; 0; 0; 0; Fist; 0; Moving to Box
12-03-2025 13:58:37.5849; 0; 240; None; ; ; ; 0; 0; 0; Fist; 0; Moving to Box
12-03-2025 13:58:37.5959; 0; 241; None; ; ; ; 0; 0; 0; Fist; 0; Moving to Box
12-03-2025 13:58:37.6068; 0; 242; None; ; ; ; 0; 0; 0; Fist; 0; Moving to Box
12-03-2025 13:58:37.6178; 0; 243; None; ; ; ; 0; 0; 0; Fist; 0; Moving to Box
12-03-2025 13:58:37.6293; 0; 244; None; ; ; ; 0; 0; 0; Fist; 0; Moving to Box
12-03-2025 13:58:37.6402; 0; 245; None; ; ; ; 0; 0; 0; Fist; 0; Moving to Box
12-03-2025 13:58:37.6512; 0; 246; None; ; ; ; 0; 0; 0; Fist; 0; Moving to Box
12-03-2025 13:58:37.6622; 0; 247; None; ; ; ; 0; 0; 0; Fist; 0; Moving to Box
12-03-2025 13:58:37.6732; 0; 248; None; ; ; ; 0; 0; 0; Fist; 0; Moving to Box
12-03-2025 13:58:37.6851; 0; 249; None; ; ; ; 0; 0; 0; Fist; 0; Moving to Box
12-03-2025 13:58:37.6961; 0; 250; None; ; ; ; 0; 0; 0; Fist; 0; Moving to Box
12-03-2025 13:58:37.7071; 0; 251; None; ; ; ; 0; 0; 0; Fist; 0; Moving to Box
12-03-2025 13:58:37.7190; 0; 252; None; ; ; ; 0; 0; 0; Fist; 0; Moving to Box
12-03-2025 13:58:37.7295; 0; 253; None; ; ; ; 0; 0; 0; Fist; 0; Moving to Box
12-03-2025 13:58:37.7405; 0; 254; None; ; ; ; 0; 0; 0; Fist; 0; Moving to Box
12-03-2025 13:58:37.7525; 0; 255; None; ; ; ; 0; 0; 0; Fist; 0; Moving to Box
12-03-2025 13:58:37.7634; 0; 256; None; ; ; ; 0; 0; 0; Fist; 0; Moving to Box
12-03-2025 13:58:37.7744; 0; 257; None; ; ; ; 0; 0; 0; Fist; 0; Moving to Box
12-03-2025 13:58:37.7864; 0; 258; None; ; ; ; 0; 0; 0; Fist; 0; Moving to Box
12-03-2025 13:58:37.7963; 0; 259; None; ; ; ; 0; 0; 0; Fist; 0; Moving to Box
12-03-2025 13:58:37.8073; 0; 260; None; ; ; ; 0; 0; 0; Fist; 0; Moving to Box
12-03-2025 13:58:37.8203; 0; 261; None; ; ; ; 0; 0; 0; Fist; 0; Moving to Box
12-03-2025 13:58:37.8298; 0; 262; None; ; ; ; 0; 0; 0; Fist; 0; Moving to Box
12-03-2025 13:58:37.8407; 0; 263; None; ; ; ; 0; 0; 0; Fist; 0; Moving to Box
12-03-2025 13:58:37.8527; 0; 264; None; ; ; ; 0; 0; 0; Fist; 0; Moving to Box
12-03-2025 13:58:37.8637; 0; 265; None; ; ; ; 0; 0; 0; Fist; 0; Moving to Box
12-03-2025 13:58:37.8746; 0; 266; None; ; ; ; 0; 0; 0; Fist; 0; Moving to Box
12-03-2025 13:58:37.8866; 0; 267; None; ; ; ; 0; 0; 0; Fist; 0; Moving to Box
12-03-2025 13:58:37.8976; 0; 268; None; ; ; ; 0; 0; 0; Fist; 0; Moving to Box
12-03-2025 13:58:37.9085; 0; 269; None; ; ; ; 0; 0; 0; Fist; 0; Moving to Box
12-03-2025 13:58:37.9200; 0; 270; None; ; ; ; 0; 0; 0; Fist; 0; Moving to Box
12-03-2025 13:58:37.9310; 0; 271; None; ; ; ; 0; 0; 0; Fist; 0; Moving to Box
12-03-2025 13:58:37.9420; 0; 272; None; ; ; ; 0; 0; 0; Fist; 0; Moving to Box
12-03-2025 13:58:37.9539; 0; 273; None; ; ; ; 0; 0; 0; Fist; 0; Moving to Box
12-03-2025 13:58:37.9649; 0; 274; None; ; ; ; 0; 0; 0; Fist; 0; Moving to Box
12-03-2025 13:58:37.9759; 0; 275; None; ; ; ; 0; 0; 0; Fist; 0; Moving to Box
12-03-2025 13:58:37.9868; 0; 276; None; ; ; ; 0; 0; 0; Fist; 0; Moving to Box
12-03-2025 13:58:37.9988; 0; 277; None; ; ; ; 0; 0; 0; Fist; 0; Moving to Box
12-03-2025 13:58:38.0088; 0; 278; None; ; ; ; 0; 0; 0; Fist; 0; Moving to Box
12-03-2025 13:58:38.0208; 0; 279; None; ; ; ; 0; 0; 0; Fist; 0; Moving to Box
12-03-2025 13:58:38.0317; 0; 280; None; ; ; ; 0; 0; 0; Fist; 0; Moving to Box
12-03-2025 13:58:38.0427; 0; 281; None; ; ; ; 0; 0; 0; Fist; 0; Moving to Box
12-03-2025 13:58:38.0537; 0; 282; None; ; ; ; 0; 0; 0; Fist; 0; Moving to Box
12-03-2025 13:58:38.0646; 0; 283; None; ; ; ; 0; 0; 0; Fist; 0; Moving to Box
12-03-2025 13:58:38.0756; 0; 284; None; ; ; ; 0; 0; 0; Fist; 0; Moving to Box
12-03-2025 13:58:38.0876; 0; 285; None; ; ; ; 0; 0; 0; Fist; 0; Moving to Box
12-03-2025 13:58:38.0986; 0; 286; None; ; ; ; 0; 0; 0; Fist; 0; Moving to Box
12-03-2025 13:58:38.1095; 0; 287; None; ; ; ; 0; 0; 0; Fist; 0; Moving to Box
12-03-2025 13:58:38.1205; 0; 288; None; ; ; ; 0; 0; 0; Fist; 0; Moving to Box
12-03-2025 13:58:38.1315; 0; 289; None; ; ; ; 0; 0; 0; Fist; 0; Moving to Box
12-03-2025 13:58:38.1424; 0; 290; None; ; ; ; 0; 0; 0; Fist; 0; Moving to Box
12-03-2025 13:58:38.1544; 0; 291; None; ; ; ; 0; 0; 0; Fist; 0; Moving to Box
12-03-2025 13:58:38.1654; 0; 292; None; ; ; ; 0; 0; 0; Fist; 0; Moving to Box
12-03-2025 13:58:38.1759; 0; 293; None; ; ; ; 0; 0; 0; Fist; 0; Moving to Box
12-03-2025 13:58:38.1878; 0; 294; None; ; ; ; 0; 0; 0; Fist; 0; Moving to Box
12-03-2025 13:58:38.1988; 0; 295; None; ; ; ; 0; 0; 0; Fist; 0; Moving to Box
12-03-2025 13:58:38.2098; 0; 296; None; ; ; ; 0; 0; 0; Fist; 0; Moving to Box
12-03-2025 13:58:38.2217; 0; 297; None; ; ; ; 0; 0; 0; Fist; 0; Moving to Box
12-03-2025 13:58:38.2322; 0; 298; None; ; ; ; 0; 0; 0; Fist; 0; Moving to Box
12-03-2025 13:58:38.2432; 0; 299; None; ; ; ; 0; 0; 0; Fist; 0; Moving to Box
12-03-2025 13:58:38.2551; 0; 300; None; ; ; ; 0; 0; 0; Fist; 0; Moving to Box
12-03-2025 13:58:38.2661; 0; 301; None; ; ; ; 0; 0; 0; Fist; 0; Moving to Box
12-03-2025 13:58:38.2771; 0; 302; None; ; ; ; 0; 0; 0; Fist; 0; Moving to Box
12-03-2025 13:58:38.2881; 0; 303; None; ; ; ; 0; 0; 0; Fist; 0; Moving to Box
12-03-2025 13:58:38.2990; 0; 304; None; ; ; ; 0; 0; 0; Fist; 0; Moving to Box
12-03-2025 13:58:38.3100; 0; 305; None; ; ; ; 0; 0; 0; Fist; 0; Moving to Box
12-03-2025 13:58:38.3220; 0; 306; None; ; ; ; 0; 0; 0; Fist; 0; Moving to Box
12-03-2025 13:58:38.3324; 0; 307; None; ; ; ; 0; 0; 0; Fist; 0; Moving to Box
12-03-2025 13:58:38.3434; 0; 308; None; ; ; ; 0; 0; 0; Fist; 0; Moving to Box
12-03-2025 13:58:38.3554; 0; 309; None; ; ; ; 0; 0; 0; Fist; 0; Moving to Box
12-03-2025 13:58:38.3664; 0; 310; None; ; ; ; 0; 0; 0; Fist; 0; Moving to Box
12-03-2025 13:58:38.3773; 0; 311; None; ; ; ; 0; 0; 0; Fist; 0; Moving to Box
12-03-2025 13:58:38.3883; 0; 312; None; ; ; ; 0; 0; 0; Fist; 0; Moving to Box
12-03-2025 13:58:38.4003; 0; 313; None; ; ; ; 0; 0; 0; Fist; 0; Moving to Box
12-03-2025 13:58:38.4102; 0; 314; None; ; ; ; 0; 0; 0; Fist; 0; Moving to Box
12-03-2025 13:58:38.4222; 0; 315; None; ; ; ; 0; 0; 0; Fist; 0; Moving to Box
12-03-2025 13:58:38.4332; 0; 316; None; ; ; ; 0; 0; 0; Fist; 0; Moving to Box
12-03-2025 13:58:38.4441; 0; 317; None; ; ; ; 0; 0; 0; Fist; 0; Moving to Box
12-03-2025 13:58:38.4561; 0; 318; None; ; ; ; 0; 0; 0; Fist; 0; Moving to Box
12-03-2025 13:58:38.4671; 0; 319; None; ; ; ; 0; 0; 0; Fist; 0; Moving to Box
12-03-2025 13:58:38.4781; 0; 320; None; ; ; ; 0; 0; 0; Fist; 0; Moving to Box
12-03-2025 13:58:38.4900; 0; 321; None; ; ; ; 0; 0; 0; Fist; 0; Moving to Box
12-03-2025 13:58:38.5010; 0; 322; None; ; ; ; 0; 0; 0; Fist; 0; Moving to Box
12-03-2025 13:58:38.5120; 0; 323; None; ; ; ; 0; 0; 0; Fist; 0; Moving to Box
12-03-2025 13:58:38.5229; 0; 324; None; ; ; ; 0; 0; 0; Fist; 0; Moving to Box
12-03-2025 13:58:38.5339; 0; 325; None; ; ; ; 0; 0; 0; Fist; 0; Moving to Box
12-03-2025 13:58:38.5449; 0; 326; None; ; ; ; 0; 0; 0; Fist; 0; Moving to Box
12-03-2025 13:58:38.5568; 0; 327; None; ; ; ; 0; 0; 0; Fist; 0; Moving to Box
12-03-2025 13:58:38.5678; 0; 328; None; ; ; ; 0; 0; 0; Fist; 0; Moving to Box
12-03-2025 13:58:38.5788; 0; 329; None; ; ; ; 0; 0; 0; Fist; 0; Moving to Box
12-03-2025 13:58:38.5898; 0; 330; None; ; ; ; 0; 0; 0; Fist; 0; Moving to Box
12-03-2025 13:58:38.6007; 0; 331; None; ; ; ; 0; 0; 0; Fist; 0; Moving to Box
12-03-2025 13:58:38.6117; 0; 332; None; ; ; ; 0; 0; 0; Fist; 0; Moving to Box
12-03-2025 13:58:38.6237; 0; 333; None; ; ; ; 0; 0; 0; Fist; 0; Moving to Box
12-03-2025 13:58:38.6346; 0; 334; None; ; ; ; 0; 0; 0; Fist; 0; Moving to Box
12-03-2025 13:58:38.6456; 0; 335; None; ; ; ; 0; 0; 0; Fist; 0; Moving to Box
12-03-2025 13:58:38.6576; 0; 336; None; ; ; ; 0; 0; 0; Fist; 0; Moving to Box
12-03-2025 13:58:38.6676; 0; 337; None; ; ; ; 0; 0; 0; Fist; 0; Moving to Box
12-03-2025 13:58:38.6790; 0; 338; None; ; ; ; 0; 0; 0; Fist; 0; Moving to Box
12-03-2025 13:58:38.6900; 0; 339; None; ; ; ; 0; 0; 0; Fist; 0; Moving to Box
12-03-2025 13:58:38.7010; 0; 340; None; ; ; ; 0; 0; 0; Fist; 0; Moving to Box
12-03-2025 13:58:38.7119; 0; 341; None; ; ; ; 0; 0; 0; Fist; 0; Moving to Box
12-03-2025 13:58:38.7239; 0; 342; None; ; ; ; 0; 0; 0; Fist; 0; Moving to Box
12-03-2025 13:58:38.7349; 0; 343; None; ; ; ; 0; 0; 0; Fist; 0; Moving to Box
12-03-2025 13:58:38.7458; 0; 344; None; ; ; ; 0; 0; 0; Fist; 0; Moving to Box
12-03-2025 13:58:38.7578; 0; 345; None; ; ; ; 0; 0; 0; Fist; 0; Moving to Box
12-03-2025 13:58:38.7688; 0; 346; None; ; ; ; 0; 0; 0; Fist; 0; Moving to Box
12-03-2025 13:58:38.7808; 0; 347; None; ; ; ; 0; 0; 0; Fist; 0; Moving to Box
12-03-2025 13:58:38.7917; 0; 348; None; ; ; ; 0; 0; 0; Fist; 0; Moving to Box
12-03-2025 13:58:38.8017; 0; 349; None; ; ; ; 0; 0; 0; Fist; 0; Moving to Box
12-03-2025 13:58:38.8137; 0; 350; None; ; ; ; 0; 0; 0; Fist; 0; Moving to Box
12-03-2025 13:58:38.8246; 0; 351; None; ; ; ; 0; 0; 0; Fist; 0; Moving to Box
12-03-2025 13:58:38.8356; 0; 352; None; ; ; ; 0; 0; 0; Fist; 0; Moving to Box
12-03-2025 13:58:38.8466; 0; 353; None; ; ; ; 0; 0; 0; Fist; 0; Moving to Box
12-03-2025 13:58:38.8575; 0; 354; None; ; ; ; 0; 0; 0; Fist; 0; Moving to Box
12-03-2025 13:58:38.8685; 0; 355; None; ; ; ; 0; 0; 0; Fist; 0; Moving to Box
12-03-2025 13:58:38.8805; 0; 356; None; ; ; ; 0; 0; 0; Fist; 0; Moving to Box
12-03-2025 13:58:38.8915; 0; 357; None; ; ; ; 0; 0; 0; Fist; 0; Moving to Box
12-03-2025 13:58:38.9024; 0; 358; None; ; ; ; 0; 0; 0; Fist; 0; Moving to Box
12-03-2025 13:58:38.9144; 0; 359; None; ; ; ; 0; 0; 0; Fist; 0; Moving to Box
12-03-2025 13:58:38.9249; 0; 360; None; ; ; ; 0; 0; 0; Fist; 0; Moving to Box
12-03-2025 13:58:38.9358; 0; 361; None; ; ; ; 0; 0; 0; Fist; 0; Moving to Box
12-03-2025 13:58:38.9468; 0; 362; None; ; ; ; 0; 0; 0; Fist; 0; Moving to Box
12-03-2025 13:58:38.9588; 0; 363; None; ; ; ; 0; 0; 0; Fist; 0; Moving to Box
12-03-2025 13:58:38.9698; 0; 364; None; ; ; ; 0; 0; 0; Fist; 0; Moving to Box
12-03-2025 13:58:38.9807; 0; 365; None; ; ; ; 0; 0; 0; Fist; 0; Moving to Box
12-03-2025 13:58:38.9917; 0; 366; None; ; ; ; 0; 0; 0; Fist; 0; Moving to Box
12-03-2025 13:58:39.0037; 0; 367; None; ; ; ; 0; 0; 0; Fist; 0; Moving to Box
12-03-2025 13:58:39.0136; 0; 368; None; ; ; ; 0; 0; 0; Fist; 0; Moving to Box
12-03-2025 13:58:39.0256; 0; 369; None; ; ; ; 0; 0; 0; Fist; 0; Moving to Box
12-03-2025 13:58:39.0376; 0; 370; None; ; ; ; 0; 0; 0; Fist; 0; Moving to Box
12-03-2025 13:58:39.0475; 0; 371; None; ; ; ; 0; 0; 0; Fist; 0; Moving to Box
12-03-2025 13:58:39.0585; 0; 372; None; ; ; ; 0; 0; 0; Fist; 0; Moving to Box
12-03-2025 13:58:39.0705; 0; 373; None; ; ; ; 0; 0; 0; Fist; 0; Moving to Box
12-03-2025 13:58:39.0825; 0; 374; None; ; ; ; 0; 0; 0; Fist; 0; Moving to Box
12-03-2025 13:58:39.0964; 0; 375; None; ; ; ; 0; 0; 0; Fist; 0; Moving to Box
12-03-2025 13:58:39.1044; 0; 376; None; ; ; ; 0; 0; 0; Fist; 0; Moving to Box
12-03-2025 13:58:39.1144; 0; 377; None; ; ; ; 0; 0; 0; Fist; 0; Moving to Box
12-03-2025 13:58:39.1253; 0; 378; None; ; ; ; 0; 0; 0; Fist; 0; Moving to Box
12-03-2025 13:58:39.1368; 0; 379; None; ; ; ; 0; 0; 0; Fist; 0; Moving to Box
12-03-2025 13:58:39.1578; 0; 380; None; ; ; ; 0; 0; 0; Fist; 0; Moving to Box
12-03-2025 13:58:39.1697; 0; 382; None; ; ; ; 0; 0; 0; Fist; 0; Moving to Box
12-03-2025 13:58:39.1797; 0; 383; None; ; ; ; 0; 0; 0; Fist; 0; Moving to Box
12-03-2025 13:58:39.1907; 0; 384; None; ; ; ; 0; 0; 0; Fist; 0; Moving to Box
12-03-2025 13:58:39.2026; 0; 385; None; ; ; ; 0; 0; 0; Fist; 0; Moving to Box
12-03-2025 13:58:39.2136; 0; 386; None; ; ; ; 0; 0; 0; Fist; 0; Moving to Box
12-03-2025 13:58:39.2246; 0; 387; None; ; ; ; 0; 0; 0; Fist; 0; Moving to Box
12-03-2025 13:58:39.2361; 0; 388; None; ; ; ; 0; 0; 0; Fist; 0; Moving to Box
12-03-2025 13:58:39.2470; 0; 389; None; ; ; ; 0; 0; 0; Fist; 0; Moving to Box
12-03-2025 13:58:39.2580; 0; 390; None; ; ; ; 0; 0; 0; Fist; 0; Moving to Box
12-03-2025 13:58:39.2700; 0; 391; None; ; ; ; 0; 0; 0; Fist; 0; Moving to Box
12-03-2025 13:58:39.2814; 0; 392; None; ; ; ; 0; 0; 0; Fist; 0; Moving to Box
12-03-2025 13:58:39.2914; 0; 393; None; ; ; ; 0; 0; 0; Fist; 0; Moving to Box
12-03-2025 13:58:39.3054; 0; 394; None; ; ; ; 0; 0; 0; Fist; 0; Moving to Box
12-03-2025 13:58:39.3134; 0; 395; None; ; ; ; 0; 0; 0; Fist; 0; Moving to Box
12-03-2025 13:58:39.3253; 0; 396; None; ; ; ; 0; 0; 0; Fist; 0; Moving to Box
12-03-2025 13:58:39.3363; 0; 397; None; ; ; ; 0; 0; 0; Fist; 0; Moving to Box
12-03-2025 13:58:39.3493; 0; 398; None; ; ; ; 0; 0; 0; Fist; 0; Moving to Box
12-03-2025 13:58:39.3582; 0; 399; None; ; ; ; 0; 0; 0; Fist; 0; Moving to Box
12-03-2025 13:58:39.3702; 0; 400; None; ; ; ; 0; 0; 0; Fist; 0; Moving to Box
12-03-2025 13:58:39.3812; 0; 401; None; ; ; ; 0; 0; 0; Fist; 0; Moving to Box
12-03-2025 13:58:39.3921; 0; 402; None; ; ; ; 0; 0; 0; Fist; 0; Moving to Box
12-03-2025 13:58:39.4031; 0; 403; None; ; ; ; 0; 0; 0; Fist; 0; Moving to Box
12-03-2025 13:58:39.4151; 0; 404; None; ; ; ; 0; 0; 0; Fist; 0; Moving to Box
12-03-2025 13:58:39.4261; 0; 405; None; ; ; ; 0; 0; 0; Fist; 0; Moving to Box
12-03-2025 13:58:39.4370; 0; 406; None; ; ; ; 0; 0; 0; Fist; 0; Moving to Box
12-03-2025 13:58:39.4480; 0; 407; None; ; ; ; 0; 0; 0; Fist; 0; Moving to Box
12-03-2025 13:58:39.4590; 0; 408; None; ; ; ; 0; 0; 0; Fist; 0; Moving to Box
12-03-2025 13:58:39.4699; 0; 409; None; ; ; ; 0; 0; 0; Fist; 0; Moving to Box
12-03-2025 13:58:39.4819; 0; 410; None; ; ; ; 0; 0; 0; Fist; 0; Moving to Box
12-03-2025 13:58:39.4929; 0; 411; None; ; ; ; 0; 0; 0; Fist; 0; Moving to Box
12-03-2025 13:58:39.5038; 0; 412; None; ; ; ; 0; 0; 0; Fist; 0; Moving to Box
12-03-2025 13:58:39.5158; 0; 413; None; ; ; ; 0; 0; 0; Fist; 0; Moving to Box
12-03-2025 13:58:39.5268; 0; 414; None; ; ; ; 0; 0; 0; Fist; 0; Moving to Box
12-03-2025 13:58:39.5373; 0; 415; None; ; ; ; 0; 0; 0; Fist; 0; Moving to Box
12-03-2025 13:58:39.5492; 0; 416; None; ; ; ; 0; 0; 0; Fist; 0; Moving to Box
12-03-2025 13:58:39.5612; 0; 417; None; ; ; ; 0; 0; 0; Fist; 0; Moving to Box
12-03-2025 13:58:39.5722; 0; 418; None; ; ; ; 0; 0; 0; Fist; 0; Moving to Box
12-03-2025 13:58:39.5831; 0; 419; None; ; ; ; 0; 0; 0; Fist; 0; Moving to Box
12-03-2025 13:58:39.5951; 0; 420; None; ; ; ; 0; 0; 0; Fist; 0; Moving to Box
12-03-2025 13:58:39.6071; 0; 421; None; ; ; ; 0; 0; 0; Fist; 0; Moving to Box
12-03-2025 13:58:39.6176; 0; 422; None; ; ; ; 0; 0; 0; Fist; 0; Moving to Box
12-03-2025 13:58:39.6285; 0; 423; None; ; ; ; 0; 0; 0; Fist; 0; Moving to Box
12-03-2025 13:58:39.6395; 0; 424; None; ; ; ; 0; 0; 0; Fist; 0; Moving to Box
12-03-2025 13:58:39.6515; 0; 425; None; ; ; ; 0; 0; 0; Fist; 0; Moving to Box
12-03-2025 13:58:39.6614; 0; 426; None; ; ; ; 0; 0; 0; Fist; 0; Moving to Box
12-03-2025 13:58:39.6734; 0; 427; None; ; ; ; 0; 0; 0; Fist; 0; Moving to Box
12-03-2025 13:58:39.6844; 0; 428; None; ; ; ; 0; 0; 0; Fist; 0; Moving to Box
12-03-2025 13:58:39.6953; 0; 429; None; ; ; ; 0; 0; 0; Fist; 0; Moving to Box
12-03-2025 13:58:39.7063; 0; 430; None; ; ; ; 0; 0; 0; Fist; 0; Moving to Box
12-03-2025 13:58:39.7183; 0; 431; None; ; ; ; 0; 0; 0; Fist; 0; Moving to Box
12-03-2025 13:58:39.7293; 0; 432; None; ; ; ; 0; 0; 0; Fist; 0; Moving to Box
12-03-2025 13:58:39.7402; 0; 433; None; ; ; ; 0; 0; 0; Fist; 0; Moving to Box
12-03-2025 13:58:39.7512; 0; 434; None; ; ; ; 0; 0; 0; Fist; 0; Moving to Box
12-03-2025 13:58:39.7622; 0; 435; None; ; ; ; 0; 0; 0; Fist; 0; Moving to Box
12-03-2025 13:58:39.7741; 0; 436; None; ; ; ; 0; 0; 0; Fist; 0; Moving to Box
12-03-2025 13:58:39.7851; 0; 437; None; ; ; ; 0; 0; 0; Fist; 0; Moving to Box
12-03-2025 13:58:39.7961; 0; 438; None; ; ; ; 0; 0; 0; Fist; 0; Moving to Box
12-03-2025 13:58:39.8076; 0; 439; None; ; ; ; 0; 0; 0; Fist; 0; Moving to Box
12-03-2025 13:58:39.8185; 0; 440; None; ; ; ; 0; 0; 0; Fist; 0; Moving to Box
12-03-2025 13:58:39.8295; 0; 441; None; ; ; ; 0; 0; 0; Fist; 0; Moving to Box
12-03-2025 13:58:39.8405; 0; 442; None; ; ; ; 0; 0; 0; Fist; 0; Moving to Box
12-03-2025 13:58:39.8514; 0; 443; None; ; ; ; 0; 0; 0; Fist; 0; Moving to Box
12-03-2025 13:58:39.8634; 0; 444; None; ; ; ; 0; 0; 0; Fist; 0; Moving to Box
12-03-2025 13:58:39.8744; 0; 445; None; ; ; ; 0; 0; 0; Fist; 0; Moving to Box
12-03-2025 13:58:39.8853; 0; 446; None; ; ; ; 0; 0; 0; Fist; 0; Moving to Box
12-03-2025 13:58:39.8963; 0; 447; None; ; ; ; 0; 0; 0; Fist; 0; Moving to Box
12-03-2025 13:58:39.9073; 0; 448; None; ; ; ; 0; 0; 0; Fist; 0; Moving to Box
12-03-2025 13:58:39.9193; 0; 449; None; ; ; ; 0; 0; 0; Fist; 0; Moving to Box
12-03-2025 13:58:39.9303; 0; 450; None; ; ; ; 0; 0; 0; Fist; 0; Moving to Box
12-03-2025 13:58:39.9417; 0; 451; None; ; ; ; 0; 0; 0; Fist; 0; Moving to Box
12-03-2025 13:58:39.9527; 0; 452; None; ; ; ; 0; 0; 0; Fist; 0; Moving to Box
12-03-2025 13:58:39.9637; 0; 453; None; ; ; ; 0; 0; 0; Fist; 0; Moving to Box
12-03-2025 13:58:39.9747; 0; 454; None; ; ; ; 0; 0; 0; Fist; 0; Moving to Box
12-03-2025 13:58:39.9866; 0; 455; None; ; ; ; 0; 0; 0; Fist; 0; Moving to Box
12-03-2025 13:58:39.9976; 0; 456; None; ; ; ; 0; 0; 0; Fist; 0; Moving to Box
12-03-2025 13:58:40.0086; 0; 457; None; ; ; ; 0; 0; 0; Fist; 0; Moving to Box
12-03-2025 13:58:40.0195; 0; 458; None; ; ; ; 0; 0; 0; Fist; 0; Moving to Box
12-03-2025 13:58:40.0305; 0; 459; None; ; ; ; 0; 0; 0; Fist; 0; Moving to Box
12-03-2025 13:58:40.0420; 0; 460; None; ; ; ; 0; 0; 0; Fist; 0; Moving to Box
12-03-2025 13:58:40.0599; 0; 461; None; ; ; ; 0; 0; 0; Fist; 0; Moving to Box
12-03-2025 13:58:40.0749; 0; 463; None; ; ; ; 0; 0; 0; Fist; 0; Moving to Box
12-03-2025 13:58:40.0869; 0; 464; None; ; ; ; 0; 0; 0; Fist; 0; Moving to Box
12-03-2025 13:58:40.0978; 0; 465; None; ; ; ; 0; 0; 0; Fist; 0; Moving to Box
12-03-2025 13:58:40.1088; 0; 466; None; ; ; ; 0; 0; 0; Fist; 0; Moving to Box
12-03-2025 13:58:40.1208; 0; 467; None; ; ; ; 0; 0; 0; Fist; 0; Moving to Box
12-03-2025 13:58:40.1317; 0; 468; None; ; ; ; 0; 0; 0; Fist; 0; Moving to Box
12-03-2025 13:58:40.1422; 0; 469; None; ; ; ; 0; 0; 0; Fist; 0; Moving to Box
12-03-2025 13:58:40.1542; 0; 470; None; ; ; ; 0; 0; 0; Fist; 0; Moving to Box
12-03-2025 13:58:40.1741; 0; 471; None; ; ; ; 0; 0; 0; Fist; 0; Moving to Box
